-200,-196,-192,-188,-184,-180,-176,-172,-168,-164,-160,-156,-152,-148,-144,-140,-136,-132,-128,-124,-120,-116,-112,-108,-104,-100,-96,-92,-88,-84,-80,-76,-72,-68,-64,-60,-56,-52,-48,-44,-40,-36,-32,-28,-24,-20,-16,-12,-8,-4,0,4,8,12,16,20,24,28,32,36,40,44,48,52,56,60,64,68,72,76,80,84,88,92,96,100,104,108,112,116,120,124,128,132,136,140,144,148,152,156,160,164,168,172,176,180,184,188,192,196,200
-200,-196,-192,-188,-184,-180,-176,-172,-168,-164,-160,-156,-152,-148,-144,-140,-136,-132,-128,-124,-120,-116,-112,-108,-104,-100,-96,-92,-88,-84,-80,-76,-72,-68,-64,-60,-56,-52,-48,-44,-40,-36,-32,-28,-24,-20,-16,-12,-8,-4,0,4,8,12,16,20,24,28,32,36,40,44,48,52,56,60,64,68,72,76,80,84,88,92,96,100,104,108,112,116,120,124,128,132,136,140,144,148,152,156,160,164,168,172,176,180,184,188,192,196,200
-200,-196,-192,-188,-184,-180,-176,-172,-168,-164,-160,-156,-152,-148,-144,-140,-136,-132,-128,-124,-120,-116,-112,-108,-104,-100,-96,-92,-88,-84,-80,-76,-72,-68,-64,-60,-56,-52,-48,-44,-40,-36,-32,-28,-24,-20,-16,-12,-8,-4,0,4,8,12,16,20,24,28,32,36,40,44,48,52,56,60,64,68,72,76,80,84,88,92,96,100,104,108,112,116,120,124,128,132,136,140,144,148,152,156,160,164,168,172,176,180,184,188,192,196,200
-200,-196,-192,-188,-184,-180,-176,-172,-168,-164,-160,-156,-152,-148,-144,-140,-136,-132,-128,-124,-120,-116,-112,-108,-104,-100,-96,-92,-88,-84,-80,-76,-72,-68,-64,-60,-56,-52,-48,-44,-40,-36,-32,-28,-24,-20,-16,-12,-8,-4,0,4,8,12,16,20,24,28,32,36,40,44,48,52,56,60,64,68,72,76,80,84,88,92,96,100,104,108,112,116,120,124,128,132,136,140,144,148,152,156,160,164,168,172,176,180,184,188,192,196,200
-200,-196,-192,-188,-184,-180,-176,-172,-168,-164,-160,-156,-152,-148,-144,-140,-136,-132,-128,-124,-120,-116,-112,-108,-104,-100,-96,-92,-88,-84,-80,-76,-72,-68,-64,-60,-56,-52,-48,-44,-40,-36,-32,-28,-24,-20,-16,-12,-8,-4,0,4,8,12,16,20,24,28,32,36,40,44,48,52,56,60,64,68,72,76,80,84,88,92,96,100,104,108,112,116,120,124,128,132,136,140,144,148,152,156,160,164,168,172,176,180,184,188,192,196,200
-200,-196,-192,-188,-184,-180,-176,-172,-168,-164,-160,-156,-152,-148,-144,-140,-136,-132,-128,-124,-120,-116,-112,-108,-104,-100,-96,-92,-88,-84,-80,-76,-72,-68,-64,-60,-56,-52,-48,-44,-40,-36,-32,-28,-24,-20,-16,-12,-8,-4,0,4,8,12,16,20,24,28,32,36,40,44,48,52,56,60,64,68,72,76,80,84,88,92,96,100,104,108,112,116,120,124,128,132,136,140,144,148,152,156,160,164,168,172,176,180,184,188,192,196,200
-200,-196,-192,-188,-184,-180,-176,-172,-168,-164,-160,-156,-152,-148,-144,-140,-136,-132,-128,-124,-120,-116,-112,-108,-104,-100,-96,-92,-88,-84,-80,-76,-72,-68,-64,-60,-56,-52,-48,-44,-40,-36,-32,-28,-24,-20,-16,-12,-8,-4,0,4,8,12,16,20,24,28,32,36,40,44,48,52,56,60,64,68,72,76,80,84,88,92,96,100,104,108,112,116,120,124,128,132,136,140,144,148,152,156,160,164,168,172,176,180,184,188,192,196,200
-200,-196,-192,-188,-184,-180,-176,-172,-168,-164,-160,-156,-152,-148,-144,-140,-136,-132,-128,-124,-120,-116,-112,-108,-104,-100,-96,-92,-88,-84,-80,-76,-72,-68,-64,-60,-56,-52,-48,-44,-40,-36,-32,-28,-24,-20,-16,-12,-8,-4,0,4,8,12,16,20,24,28,32,36,40,44,48,52,56,60,64,68,72,76,80,84,88,92,96,100,104,108,112,116,120,124,128,132,136,140,144,148,152,156,160,164,168,172,176,180,184,188,192,196,200
-200,-196,-192,-188,-184,-180,-176,-172,-168,-164,-160,-156,-152,-148,-144,-140,-136,-132,-128,-124,-120,-116,-112,-108,-104,-100,-96,-92,-88,-84,-80,-76,-72,-68,-64,-60,-56,-52,-48,-44,-40,-36,-32,-28,-24,-20,-16,-12,-8,-4,0,4,8,12,16,20,24,28,32,36,40,44,48,52,56,60,64,68,72,76,80,84,88,92,96,100,104,108,112,116,120,124,128,132,136,140,144,148,152,156,160,164,168,172,176,180,184,188,192,196,200
-200,-196,-192,-188,-184,-180,-176,-172,-168,-164,-160,-156,-152,-148,-144,-140,-136,-132,-128,-124,-120,-116,-112,-108,-104,-100,-96,-92,-88,-84,-80,-76,-72,-68,-64,-60,-56,-52,-48,-44,-40,-36,-32,-28,-24,-20,-16,-12,-8,-4,0,4,8,12,16,20,24,28,32,36,40,44,48,52,56,60,64,68,72,76,80,84,88,92,96,100,104,108,112,116,120,124,128,132,136,140,144,148,152,156,160,164,168,172,176,180,184,188,192,196,200
-200,-196,-192,-188,-184,-180,-176,-172,-168,-164,-160,-156,-152,-148,-144,-140,-136,-132,-128,-124,-120,-116,-112,-108,-104,-100,-96,-92,-88,-84,-80,-76,-72,-68,-64,-60,-56,-52,-48,-44,-40,-36,-32,-28,-24,-20,-16,-12,-8,-4,0,4,8,12,16,20,24,28,32,36,40,44,48,52,56,60,64,68,72,76,80,84,88,92,96,100,104,108,112,116,120,124,128,132,136,140,144,148,152,156,160,164,168,172,176,180,184,188,192,196,200
-200,-196,-192,-188,-184,-180,-176,-172,-168,-164,-160,-156,-152,-148,-144,-140,-136,-132,-128,-124,-120,-116,-112,-108,-104,-100,-96,-92,-88,-84,-80,-76,-72,-68,-64,-60,-56,-52,-48,-44,-40,-36,-32,-28,-24,-20,-16,-12,-8,-4,0,4,8,12,16,20,24,28,32,36,40,44,48,52,56,60,64,68,72,76,80,84,88,92,96,100,104,108,112,116,120,124,128,132,136,140,144,148,152,156,160,164,168,172,176,180,184,188,192,196,200
-200,-196,-192,-188,-184,-180,-176,-172,-168,-164,-160,-156,-152,-148,-144,-140,-136,-132,-128,-124,-120,-116,-112,-108,-104,-100,-96,-92,-88,-84,-80,-76,-72,-68,-64,-60,-56,-52,-48,-44,-40,-36,-32,-28,-24,-20,-16,-12,-8,-4,0,4,8,12,16,20,24,28,32,36,40,44,48,52,56,60,64,68,72,76,80,84,88,92,96,100,104,108,112,116,120,124,128,132,136,140,144,148,152,156,160,164,168,172,176,180,184,188,192,196,200
-200,-196,-192,-188,-184,-180,-176,-172,-168,-164,-160,-156,-152,-148,-144,-140,-136,-132,-128,-124,-120,-116,-112,-108,-104,-100,-96,-92,-88,-84,-80,-76,-72,-68,-64,-60,-56,-52,-48,-44,-40,-36,-32,-28,-24,-20,-16,-12,-8,-4,0,4,8,12,16,20,24,28,32,36,40,44,48,52,56,60,64,68,72,76,80,84,88,92,96,100,104,108,112,116,120,124,128,132,136,140,144,148,152,156,160,164,168,172,176,180,184,188,192,196,200
-200,-196,-192,-188,-184,-180,-176,-172,-168,-164,-160,-156,-152,-148,-144,-140,-136,-132,-128,-124,-120,-116,-112,-108,-104,-100,-96,-92,-88,-84,-80,-76,-72,-68,-64,-60,-56,-52,-48,-44,-40,-36,-32,-28,-24,-20,-16,-12,-8,-4,0,4,8,12,16,20,24,28,32,36,40,44,48,52,56,60,64,68,72,76,80,84,88,92,96,100,104,108,112,116,120,124,128,132,136,140,144,148,152,156,160,164,168,172,176,180,184,188,192,196,200
-200,-196,-192,-188,-184,-180,-176,-172,-168,-164,-160,-156,-152,-148,-144,-140,-136,-132,-128,-124,-120,-116,-112,-108,-104,-100,-96,-92,-88,-84,-80,-76,-72,-68,-64,-60,-56,-52,-48,-44,-40,-36,-32,-28,-24,-20,-16,-12,-8,-4,0,4,8,12,16,20,24,28,32,36,40,44,48,52,56,60,64,68,72,76,80,84,88,92,96,100,104,108,112,116,120,124,128,132,136,140,144,148,152,156,160,164,168,172,176,180,184,188,192,196,200
-200,-196,-192,-188,-184,-180,-176,-172,-168,-164,-160,-156,-152,-148,-144,-140,-136,-132,-128,-124,-120,-116,-112,-108,-104,-100,-96,-92,-88,-84,-80,-76,-72,-68,-64,-60,-56,-52,-48,-44,-40,-36,-32,-28,-24,-20,-16,-12,-8,-4,0,4,8,12,16,20,24,28,32,36,40,44,48,52,56,60,64,68,72,76,80,84,88,92,96,100,104,108,112,116,120,124,128,132,136,140,144,148,152,156,160,164,168,172,176,180,184,188,192,196,200
-200,-196,-192,-188,-184,-180,-176,-172,-168,-164,-160,-156,-152,-148,-144,-140,-136,-132,-128,-124,-120,-116,-112,-108,-104,-100,-96,-92,-88,-84,-80,-76,-72,-68,-64,-60,-56,-52,-48,-44,-40,-36,-32,-28,-24,-20,-16,-12,-8,-4,0,4,8,12,16,20,24,28,32,36,40,44,48,52,56,60,64,68,72,76,80,84,88,92,96,100,104,108,112,116,120,124,128,132,136,140,144,148,152,156,160,164,168,172,176,180,184,188,192,196,200
-200,-196,-192,-188,-184,-180,-176,-172,-168,-164,-160,-156,-152,-148,-144,-140,-136,-132,-128,-124,-120,-116,-112,-108,-104,-100,-96,-92,-88,-84,-80,-76,-72,-68,-64,-60,-56,-52,-48,-44,-40,-36,-32,-28,-24,-20,-16,-12,-8,-4,0,4,8,12,16,20,24,28,32,36,40,44,48,52,56,60,64,68,72,76,80,84,88,92,96,100,104,108,112,116,120,124,128,132,136,140,144,148,152,156,160,164,168,172,176,180,184,188,192,196,200
-200,-196,-192,-188,-184,-180,-176,-172,-168,-164,-160,-156,-152,-148,-144,-140,-136,-132,-128,-124,-120,-116,-112,-108,-104,-100,-96,-92,-88,-84,-80,-76,-72,-68,-64,-60,-56,-52,-48,-44,-40,-36,-32,-28,-24,-20,-16,-12,-8,-4,0,4,8,12,16,20,24,28,32,36,40,44,48,52,56,60,64,68,72,76,80,84,88,92,96,100,104,108,112,116,120,124,128,132,136,140,144,148,152,156,160,164,168,172,176,180,184,188,192,196,200
-200,-196,-192,-188,-184,-180,-176,-172,-168,-164,-160,-156,-152,-148,-144,-140,-136,-132,-128,-124,-120,-116,-112,-108,-104,-100,-96,-92,-88,-84,-80,-76,-72,-68,-64,-60,-56,-52,-48,-44,-40,-36,-32,-28,-24,-20,-16,-12,-8,-4,0,4,8,12,16,20,24,28,32,36,40,44,48,52,56,60,64,68,72,76,80,84,88,92,96,100,104,108,112,116,120,124,128,132,136,140,144,148,152,156,160,164,168,172,176,180,184,188,192,196,200
-200,-196,-192,-188,-184,-180,-176,-172,-168,-164,-160,-156,-152,-148,-144,-140,-136,-132,-128,-124,-120,-116,-112,-108,-104,-100,-96,-92,-88,-84,-80,-76,-72,-68,-64,-60,-56,-52,-48,-44,-40,-36,-32,-28,-24,-20,-16,-12,-8,-4,0,4,8,12,16,20,24,28,32,36,40,44,48,52,56,60,64,68,72,76,80,84,88,92,96,100,104,108,112,116,120,124,128,132,136,140,144,148,152,156,160,164,168,172,176,180,184,188,192,196,200
-200,-196,-192,-188,-184,-180,-176,-172,-168,-164,-160,-156,-152,-148,-144,-140,-136,-132,-128,-124,-120,-116,-112,-108,-104,-100,-96,-92,-88,-84,-80,-76,-72,-68,-64,-60,-56,-52,-48,-44,-40,-36,-32,-28,-24,-20,-16,-12,-8,-4,0,4,8,12,16,20,24,28,32,36,40,44,48,52,56,60,64,68,72,76,80,84,88,92,96,100,104,108,112,116,120,124,128,132,136,140,144,148,152,156,160,164,168,172,176,180,184,188,192,196,200
-200,-196,-192,-188,-184,-180,-176,-172,-168,-164,-160,-156,-152,-148,-144,-140,-136,-132,-128,-124,-120,-116,-112,-108,-104,-100,-96,-92,-88,-84,-80,-76,-72,-68,-64,-60,-56,-52,-48,-44,-40,-36,-32,-28,-24,-20,-16,-12,-8,-4,0,4,8,12,16,20,24,28,32,36,40,44,48,52,56,60,64,68,72,76,80,84,88,92,96,100,104,108,112,116,120,124,128,132,136,140,144,148,152,156,160,164,168,172,176,180,184,188,192,196,200
-200,-196,-192,-188,-184,-180,-176,-172,-168,-164,-160,-156,-152,-148,-144,-140,-136,-132,-128,-124,-120,-116,-112,-108,-104,-100,-96,-92,-88,-84,-80,-76,-72,-68,-64,-60,-56,-52,-48,-44,-40,-36,-32,-28,-24,-20,-16,-12,-8,-4,0,4,8,12,16,20,24,28,32,36,40,44,48,52,56,60,64,68,72,76,80,84,88,92,96,100,104,108,112,116,120,124,128,132,136,140,144,148,152,156,160,164,168,172,176,180,184,188,192,196,200
-200,-196,-192,-188,-184,-180,-176,-172,-168,-164,-160,-156,-152,-148,-144,-140,-136,-132,-128,-124,-120,-116,-112,-108,-104,-100,-96,-92,-88,-84,-80,-76,-72,-68,-64,-60,-56,-52,-48,-44,-40,-36,-32,-28,-24,-20,-16,-12,-8,-4,0,4,8,12,16,20,24,28,32,36,40,44,48,52,56,60,64,68,72,76,80,84,88,92,96,100,104,108,112,116,120,124,128,132,136,140,144,148,152,156,160,164,168,172,176,180,184,188,192,196,200
-200,-196,-192,-188,-184,-180,-176,-172,-168,-164,-160,-156,-152,-148,-144,-140,-136,-132,-128,-124,-120,-116,-112,-108,-104,-100,-96,-92,-88,-84,-80,-76,-72,-68,-64,-60,-56,-52,-48,-44,-40,-36,-32,-28,-24,-20,-16,-12,-8,-4,0,4,8,12,16,20,24,28,32,36,40,44,48,52,56,60,64,68,72,76,80,84,88,92,96,100,104,108,112,116,120,124,128,132,136,140,144,148,152,156,160,164,168,172,176,180,184,188,192,196,200
-200,-196,-192,-188,-184,-180,-176,-172,-168,-164,-160,-156,-152,-148,-144,-140,-136,-132,-128,-124,-120,-116,-112,-108,-104,-100,-96,-92,-88,-84,-80,-76,-72,-68,-64,-60,-56,-52,-48,-44,-40,-36,-32,-28,-24,-20,-16,-12,-8,-4,0,4,8,12,16,20,24,28,32,36,40,44,48,52,56,60,64,68,72,76,80,84,88,92,96,100,104,108,112,116,120,124,128,132,136,140,144,148,152,156,160,164,168,172,176,180,184,188,192,196,200
-200,-196,-192,-188,-184,-180,-176,-172,-168,-164,-160,-156,-152,-148,-144,-140,-136,-132,-128,-124,-120,-116,-112,-108,-104,-100,-96,-92,-88,-84,-80,-76,-72,-68,-64,-60,-56,-52,-48,-44,-40,-36,-32,-28,-24,-20,-16,-12,-8,-4,0,4,8,12,16,20,24,28,32,36,40,44,48,52,56,60,64,68,72,76,80,84,88,92,96,100,104,108,112,116,120,124,128,132,136,140,144,148,152,156,160,164,168,172,176,180,184,188,192,196,200
-200,-196,-192,-188,-184,-180,-176,-172,-168,-164,-160,-156,-152,-148,-144,-140,-136,-132,-128,-124,-120,-116,-112,-108,-104,-100,-96,-92,-88,-84,-80,-76,-72,-68,-64,-60,-56,-52,-48,-44,-40,-36,-32,-28,-24,-20,-16,-12,-8,-4,0,4,8,12,16,20,24,28,32,36,40,44,48,52,56,60,64,68,72,76,80,84,88,92,96,100,104,108,112,116,120,124,128,132,136,140,144,148,152,156,160,164,168,172,176,180,184,188,192,196,200
-200,-196,-192,-188,-184,-180,-176,-172,-168,-164,-160,-156,-152,-148,-144,-140,-136,-132,-128,-124,-120,-116,-112,-108,-104,-100,-96,-92,-88,-84,-80,-76,-72,-68,-64,-60,-56,-52,-48,-44,-40,-36,-32,-28,-24,-20,-16,-12,-8,-4,0,4,8,12,16,20,24,28,32,36,40,44,48,52,56,60,64,68,72,76,80,84,88,92,96,100,104,108,112,116,120,124,128,132,136,140,144,148,152,156,160,164,168,172,176,180,184,188,192,196,200
-200,-196,-192,-188,-184,-180,-176,-172,-168,-164,-160,-156,-152,-148,-144,-140,-136,-132,-128,-124,-120,-116,-112,-108,-104,-100,-96,-92,-88,-84,-80,-76,-72,-68,-64,-60,-56,-52,-48,-44,-40,-36,-32,-28,-24,-20,-16,-12,-8,-4,0,4,8,12,16,20,24,28,32,36,40,44,48,52,56,60,64,68,72,76,80,84,88,92,96,100,104,108,112,116,120,124,128,132,136,140,144,148,152,156,160,164,168,172,176,180,184,188,192,196,200
-200,-196,-192,-188,-184,-180,-176,-172,-168,-164,-160,-156,-152,-148,-144,-140,-136,-132,-128,-124,-120,-116,-112,-108,-104,-100,-96,-92,-88,-84,-80,-76,-72,-68,-64,-60,-56,-52,-48,-44,-40,-36,-32,-28,-24,-20,-16,-12,-8,-4,0,4,8,12,16,20,24,28,32,36,40,44,48,52,56,60,64,68,72,76,80,84,88,92,96,100,104,108,112,116,120,124,128,132,136,140,144,148,152,156,160,164,168,172,176,180,184,188,192,196,200
-200,-196,-192,-188,-184,-180,-176,-172,-168,-164,-160,-156,-152,-148,-144,-140,-136,-132,-128,-124,-120,-116,-112,-108,-104,-100,-96,-92,-88,-84,-80,-76,-72,-68,-64,-60,-56,-52,-48,-44,-40,-36,-32,-28,-24,-20,-16,-12,-8,-4,0,4,8,12,16,20,24,28,32,36,40,44,48,52,56,60,64,68,72,76,80,84,88,92,96,100,104,108,112,116,120,124,128,132,136,140,144,148,152,156,160,164,168,172,176,180,184,188,192,196,200
-200,-196,-192,-188,-184,-180,-176,-172,-168,-164,-160,-156,-152,-148,-144,-140,-136,-132,-128,-124,-120,-116,-112,-108,-104,-100,-96,-92,-88,-84,-80,-76,-72,-68,-64,-60,-56,-52,-48,-44,-40,-36,-32,-28,-24,-20,-16,-12,-8,-4,0,4,8,12,16,20,24,28,32,36,40,44,48,52,56,60,64,68,72,76,80,84,88,92,96,100,104,108,112,116,120,124,128,132,136,140,144,148,152,156,160,164,168,172,176,180,184,188,192,196,200
-200,-196,-192,-188,-184,-180,-176,-172,-168,-164,-160,-156,-152,-148,-144,-140,-136,-132,-128,-124,-120,-116,-112,-108,-104,-100,-96,-92,-88,-84,-80,-76,-72,-68,-64,-60,-56,-52,-48,-44,-40,-36,-32,-28,-24,-20,-16,-12,-8,-4,0,4,8,12,16,20,24,28,32,36,40,44,48,52,56,60,64,68,72,76,80,84,88,92,96,100,104,108,112,116,120,124,128,132,136,140,144,148,152,156,160,164,168,172,176,180,184,188,192,196,200
-200,-196,-192,-188,-184,-180,-176,-172,-168,-164,-160,-156,-152,-148,-144,-140,-136,-132,-128,-124,-120,-116,-112,-108,-104,-100,-96,-92,-88,-84,-80,-76,-72,-68,-64,-60,-56,-52,-48,-44,-40,-36,-32,-28,-24,-20,-16,-12,-8,-4,0,4,8,12,16,20,24,28,32,36,40,44,48,52,56,60,64,68,72,76,80,84,88,92,96,100,104,108,112,116,120,124,128,132,136,140,144,148,152,156,160,164,168,172,176,180,184,188,192,196,200
-200,-196,-192,-188,-184,-180,-176,-172,-168,-164,-160,-156,-152,-148,-144,-140,-136,-132,-128,-124,-120,-116,-112,-108,-104,-100,-96,-92,-88,-84,-80,-76,-72,-68,-64,-60,-56,-52,-48,-44,-40,-36,-32,-28,-24,-20,-16,-12,-8,-4,0,4,8,12,16,20,24,28,32,36,40,44,48,52,56,60,64,68,72,76,80,84,88,92,96,100,104,108,112,116,120,124,128,132,136,140,144,148,152,156,160,164,168,172,176,180,184,188,192,196,200
-200,-196,-192,-188,-184,-180,-176,-172,-168,-164,-160,-156,-152,-148,-144,-140,-136,-132,-128,-124,-120,-116,-112,-108,-104,-100,-96,-92,-88,-84,-80,-76,-72,-68,-64,-60,-56,-52,-48,-44,-40,-36,-32,-28,-24,-20,-16,-12,-8,-4,0,4,8,12,16,20,24,28,32,36,40,44,48,52,56,60,64,68,72,76,80,84,88,92,96,100,104,108,112,116,120,124,128,132,136,140,144,148,152,156,160,164,168,172,176,180,184,188,192,196,200
-200,-196,-192,-188,-184,-180,-176,-172,-168,-164,-160,-156,-152,-148,-144,-140,-136,-132,-128,-124,-120,-116,-112,-108,-104,-100,-96,-92,-88,-84,-80,-76,-72,-68,-64,-60,-56,-52,-48,-44,-40,-36,-32,-28,-24,-20,-16,-12,-8,-4,0,4,8,12,16,20,24,28,32,36,40,44,48,52,56,60,64,68,72,76,80,84,88,92,96,100,104,108,112,116,120,124,128,132,136,140,144,148,152,156,160,164,168,172,176,180,184,188,192,196,200
-200,-196,-192,-188,-184,-180,-176,-172,-168,-164,-160,-156,-152,-148,-144,-140,-136,-132,-128,-124,-120,-116,-112,-108,-104,-100,-96,-92,-88,-84,-80,-76,-72,-68,-64,-60,-56,-52,-48,-44,-40,-36,-32,-28,-24,-20,-16,-12,-8,-4,0,4,8,12,16,20,24,28,32,36,40,44,48,52,56,60,64,68,72,76,80,84,88,92,96,100,104,108,112,116,120,124,128,132,136,140,144,148,152,156,160,164,168,172,176,180,184,188,192,196,200
-200,-196,-192,-188,-184,-180,-176,-172,-168,-164,-160,-156,-152,-148,-144,-140,-136,-132,-128,-124,-120,-116,-112,-108,-104,-100,-96,-92,-88,-84,-80,-76,-72,-68,-64,-60,-56,-52,-48,-44,-40,-36,-32,-28,-24,-20,-16,-12,-8,-4,0,4,8,12,16,20,24,28,32,36,40,44,48,52,56,60,64,68,72,76,80,84,88,92,96,100,104,108,112,116,120,124,128,132,136,140,144,148,152,156,160,164,168,172,176,180,184,188,192,196,200
-200,-196,-192,-188,-184,-180,-176,-172,-168,-164,-160,-156,-152,-148,-144,-140,-136,-132,-128,-124,-120,-116,-112,-108,-104,-100,-96,-92,-88,-84,-80,-76,-72,-68,-64,-60,-56,-52,-48,-44,-40,-36,-32,-28,-24,-20,-16,-12,-8,-4,0,4,8,12,16,20,24,28,32,36,40,44,48,52,56,60,64,68,72,76,80,84,88,92,96,100,104,108,112,116,120,124,128,132,136,140,144,148,152,156,160,164,168,172,176,180,184,188,192,196,200
-200,-196,-192,-188,-184,-180,-176,-172,-168,-164,-160,-156,-152,-148,-144,-140,-136,-132,-128,-124,-120,-116,-112,-108,-104,-100,-96,-92,-88,-84,-80,-76,-72,-68,-64,-60,-56,-52,-48,-44,-40,-36,-32,-28,-24,-20,-16,-12,-8,-4,0,4,8,12,16,20,24,28,32,36,40,44,48,52,56,60,64,68,72,76,80,84,88,92,96,100,104,108,112,116,120,124,128,132,136,140,144,148,152,156,160,164,168,172,176,180,184,188,192,196,200
-200,-196,-192,-188,-184,-180,-176,-172,-168,-164,-160,-156,-152,-148,-144,-140,-136,-132,-128,-124,-120,-116,-112,-108,-104,-100,-96,-92,-88,-84,-80,-76,-72,-68,-64,-60,-56,-52,-48,-44,-40,-36,-32,-28,-24,-20,-16,-12,-8,-4,0,4,8,12,16,20,24,28,32,36,40,44,48,52,56,60,64,68,72,76,80,84,88,92,96,100,104,108,112,116,120,124,128,132,136,140,144,148,152,156,160,164,168,172,176,180,184,188,192,196,200
-200,-196,-192,-188,-184,-180,-176,-172,-168,-164,-160,-156,-152,-148,-144,-140,-136,-132,-128,-124,-120,-116,-112,-108,-104,-100,-96,-92,-88,-84,-80,-76,-72,-68,-64,-60,-56,-52,-48,-44,-40,-36,-32,-28,-24,-20,-16,-12,-8,-4,0,4,8,12,16,20,24,28,32,36,40,44,48,52,56,60,64,68,72,76,80,84,88,92,96,100,104,108,112,116,120,124,128,132,136,140,144,148,152,156,160,164,168,172,176,180,184,188,192,196,200
-200,-196,-192,-188,-184,-180,-176,-172,-168,-164,-160,-156,-152,-148,-144,-140,-136,-132,-128,-124,-120,-116,-112,-108,-104,-100,-96,-92,-88,-84,-80,-76,-72,-68,-64,-60,-56,-52,-48,-44,-40,-36,-32,-28,-24,-20,-16,-12,-8,-4,0,4,8,12,16,20,24,28,32,36,40,44,48,52,56,60,64,68,72,76,80,84,88,92,96,100,104,108,112,116,120,124,128,132,136,140,144,148,152,156,160,164,168,172,176,180,184,188,192,196,200
-200,-196,-192,-188,-184,-180,-176,-172,-168,-164,-160,-156,-152,-148,-144,-140,-136,-132,-128,-124,-120,-116,-112,-108,-104,-100,-96,-92,-88,-84,-80,-76,-72,-68,-64,-60,-56,-52,-48,-44,-40,-36,-32,-28,-24,-20,-16,-12,-8,-4,0,4,8,12,16,20,24,28,32,36,40,44,48,52,56,60,64,68,72,76,80,84,88,92,96,100,104,108,112,116,120,124,128,132,136,140,144,148,152,156,160,164,168,172,176,180,184,188,192,196,200
-200,-196,-192,-188,-184,-180,-176,-172,-168,-164,-160,-156,-152,-148,-144,-140,-136,-132,-128,-124,-120,-116,-112,-108,-104,-100,-96,-92,-88,-84,-80,-76,-72,-68,-64,-60,-56,-52,-48,-44,-40,-36,-32,-28,-24,-20,-16,-12,-8,-4,0,4,8,12,16,20,24,28,32,36,40,44,48,52,56,60,64,68,72,76,80,84,88,92,96,100,104,108,112,116,120,124,128,132,136,140,144,148,152,156,160,164,168,172,176,180,184,188,192,196,200
-200,-196,-192,-188,-184,-180,-176,-172,-168,-164,-160,-156,-152,-148,-144,-140,-136,-132,-128,-124,-120,-116,-112,-108,-104,-100,-96,-92,-88,-84,-80,-76,-72,-68,-64,-60,-56,-52,-48,-44,-40,-36,-32,-28,-24,-20,-16,-12,-8,-4,0,4,8,12,16,20,24,28,32,36,40,44,48,52,56,60,64,68,72,76,80,84,88,92,96,100,104,108,112,116,120,124,128,132,136,140,144,148,152,156,160,164,168,172,176,180,184,188,192,196,200
-200,-196,-192,-188,-184,-180,-176,-172,-168,-164,-160,-156,-152,-148,-144,-140,-136,-132,-128,-124,-120,-116,-112,-108,-104,-100,-96,-92,-88,-84,-80,-76,-72,-68,-64,-60,-56,-52,-48,-44,-40,-36,-32,-28,-24,-20,-16,-12,-8,-4,0,4,8,12,16,20,24,28,32,36,40,44,48,52,56,60,64,68,72,76,80,84,88,92,96,100,104,108,112,116,120,124,128,132,136,140,144,148,152,156,160,164,168,172,176,180,184,188,192,196,200
-200,-196,-192,-188,-184,-180,-176,-172,-168,-164,-160,-156,-152,-148,-144,-140,-136,-132,-128,-124,-120,-116,-112,-108,-104,-100,-96,-92,-88,-84,-80,-76,-72,-68,-64,-60,-56,-52,-48,-44,-40,-36,-32,-28,-24,-20,-16,-12,-8,-4,0,4,8,12,16,20,24,28,32,36,40,44,48,52,56,60,64,68,72,76,80,84,88,92,96,100,104,108,112,116,120,124,128,132,136,140,144,148,152,156,160,164,168,172,176,180,184,188,192,196,200
-200,-196,-192,-188,-184,-180,-176,-172,-168,-164,-160,-156,-152,-148,-144,-140,-136,-132,-128,-124,-120,-116,-112,-108,-104,-100,-96,-92,-88,-84,-80,-76,-72,-68,-64,-60,-56,-52,-48,-44,-40,-36,-32,-28,-24,-20,-16,-12,-8,-4,0,4,8,12,16,20,24,28,32,36,40,44,48,52,56,60,64,68,72,76,80,84,88,92,96,100,104,108,112,116,120,124,128,132,136,140,144,148,152,156,160,164,168,172,176,180,184,188,192,196,200
-200,-196,-192,-188,-184,-180,-176,-172,-168,-164,-160,-156,-152,-148,-144,-140,-136,-132,-128,-124,-120,-116,-112,-108,-104,-100,-96,-92,-88,-84,-80,-76,-72,-68,-64,-60,-56,-52,-48,-44,-40,-36,-32,-28,-24,-20,-16,-12,-8,-4,0,4,8,12,16,20,24,28,32,36,40,44,48,52,56,60,64,68,72,76,80,84,88,92,96,100,104,108,112,116,120,124,128,132,136,140,144,148,152,156,160,164,168,172,176,180,184,188,192,196,200
-200,-196,-192,-188,-184,-180,-176,-172,-168,-164,-160,-156,-152,-148,-144,-140,-136,-132,-128,-124,-120,-116,-112,-108,-104,-100,-96,-92,-88,-84,-80,-76,-72,-68,-64,-60,-56,-52,-48,-44,-40,-36,-32,-28,-24,-20,-16,-12,-8,-4,0,4,8,12,16,20,24,28,32,36,40,44,48,52,56,60,64,68,72,76,80,84,88,92,96,100,104,108,112,116,120,124,128,132,136,140,144,148,152,156,160,164,168,172,176,180,184,188,192,196,200
-200,-196,-192,-188,-184,-180,-176,-172,-168,-164,-160,-156,-152,-148,-144,-140,-136,-132,-128,-124,-120,-116,-112,-108,-104,-100,-96,-92,-88,-84,-80,-76,-72,-68,-64,-60,-56,-52,-48,-44,-40,-36,-32,-28,-24,-20,-16,-12,-8,-4,0,4,8,12,16,20,24,28,32,36,40,44,48,52,56,60,64,68,72,76,80,84,88,92,96,100,104,108,112,116,120,124,128,132,136,140,144,148,152,156,160,164,168,172,176,180,184,188,192,196,200
-200,-196,-192,-188,-184,-180,-176,-172,-168,-164,-160,-156,-152,-148,-144,-140,-136,-132,-128,-124,-120,-116,-112,-108,-104,-100,-96,-92,-88,-84,-80,-76,-72,-68,-64,-60,-56,-52,-48,-44,-40,-36,-32,-28,-24,-20,-16,-12,-8,-4,0,4,8,12,16,20,24,28,32,36,40,44,48,52,56,60,64,68,72,76,80,84,88,92,96,100,104,108,112,116,120,124,128,132,136,140,144,148,152,156,160,164,168,172,176,180,184,188,192,196,200
-200,-196,-192,-188,-184,-180,-176,-172,-168,-164,-160,-156,-152,-148,-144,-140,-136,-132,-128,-124,-120,-116,-112,-108,-104,-100,-96,-92,-88,-84,-80,-76,-72,-68,-64,-60,-56,-52,-48,-44,-40,-36,-32,-28,-24,-20,-16,-12,-8,-4,0,4,8,12,16,20,24,28,32,36,40,44,48,52,56,60,64,68,72,76,80,84,88,92,96,100,104,108,112,116,120,124,128,132,136,140,144,148,152,156,160,164,168,172,176,180,184,188,192,196,200
-200,-196,-192,-188,-184,-180,-176,-172,-168,-164,-160,-156,-152,-148,-144,-140,-136,-132,-128,-124,-120,-116,-112,-108,-104,-100,-96,-92,-88,-84,-80,-76,-72,-68,-64,-60,-56,-52,-48,-44,-40,-36,-32,-28,-24,-20,-16,-12,-8,-4,0,4,8,12,16,20,24,28,32,36,40,44,48,52,56,60,64,68,72,76,80,84,88,92,96,100,104,108,112,116,120,124,128,132,136,140,144,148,152,156,160,164,168,172,176,180,184,188,192,196,200
-200,-196,-192,-188,-184,-180,-176,-172,-168,-164,-160,-156,-152,-148,-144,-140,-136,-132,-128,-124,-120,-116,-112,-108,-104,-100,-96,-92,-88,-84,-80,-76,-72,-68,-64,-60,-56,-52,-48,-44,-40,-36,-32,-28,-24,-20,-16,-12,-8,-4,0,4,8,12,16,20,24,28,32,36,40,44,48,52,56,60,64,68,72,76,80,84,88,92,96,100,104,108,112,116,120,124,128,132,136,140,144,148,152,156,160,164,168,172,176,180,184,188,192,196,200
-200,-196,-192,-188,-184,-180,-176,-172,-168,-164,-160,-156,-152,-148,-144,-140,-136,-132,-128,-124,-120,-116,-112,-108,-104,-100,-96,-92,-88,-84,-80,-76,-72,-68,-64,-60,-56,-52,-48,-44,-40,-36,-32,-28,-24,-20,-16,-12,-8,-4,0,4,8,12,16,20,24,28,32,36,40,44,48,52,56,60,64,68,72,76,80,84,88,92,96,100,104,108,112,116,120,124,128,132,136,140,144,148,152,156,160,164,168,172,176,180,184,188,192,196,200
-200,-196,-192,-188,-184,-180,-176,-172,-168,-164,-160,-156,-152,-148,-144,-140,-136,-132,-128,-124,-120,-116,-112,-108,-104,-100,-96,-92,-88,-84,-80,-76,-72,-68,-64,-60,-56,-52,-48,-44,-40,-36,-32,-28,-24,-20,-16,-12,-8,-4,0,4,8,12,16,20,24,28,32,36,40,44,48,52,56,60,64,68,72,76,80,84,88,92,96,100,104,108,112,116,120,124,128,132,136,140,144,148,152,156,160,164,168,172,176,180,184,188,192,196,200
-200,-196,-192,-188,-184,-180,-176,-172,-168,-164,-160,-156,-152,-148,-144,-140,-136,-132,-128,-124,-120,-116,-112,-108,-104,-100,-96,-92,-88,-84,-80,-76,-72,-68,-64,-60,-56,-52,-48,-44,-40,-36,-32,-28,-24,-20,-16,-12,-8,-4,0,4,8,12,16,20,24,28,32,36,40,44,48,52,56,60,64,68,72,76,80,84,88,92,96,100,104,108,112,116,120,124,128,132,136,140,144,148,152,156,160,164,168,172,176,180,184,188,192,196,200
-200,-196,-192,-188,-184,-180,-176,-172,-168,-164,-160,-156,-152,-148,-144,-140,-136,-132,-128,-124,-120,-116,-112,-108,-104,-100,-96,-92,-88,-84,-80,-76,-72,-68,-64,-60,-56,-52,-48,-44,-40,-36,-32,-28,-24,-20,-16,-12,-8,-4,0,4,8,12,16,20,24,28,32,36,40,44,48,52,56,60,64,68,72,76,80,84,88,92,96,100,104,108,112,116,120,124,128,132,136,140,144,148,152,156,160,164,168,172,176,180,184,188,192,196,200
-200,-196,-192,-188,-184,-180,-176,-172,-168,-164,-160,-156,-152,-148,-144,-140,-136,-132,-128,-124,-120,-116,-112,-108,-104,-100,-96,-92,-88,-84,-80,-76,-72,-68,-64,-60,-56,-52,-48,-44,-40,-36,-32,-28,-24,-20,-16,-12,-8,-4,0,4,8,12,16,20,24,28,32,36,40,44,48,52,56,60,64,68,72,76,80,84,88,92,96,100,104,108,112,116,120,124,128,132,136,140,144,148,152,156,160,164,168,172,176,180,184,188,192,196,200
-200,-196,-192,-188,-184,-180,-176,-172,-168,-164,-160,-156,-152,-148,-144,-140,-136,-132,-128,-124,-120,-116,-112,-108,-104,-100,-96,-92,-88,-84,-80,-76,-72,-68,-64,-60,-56,-52,-48,-44,-40,-36,-32,-28,-24,-20,-16,-12,-8,-4,0,4,8,12,16,20,24,28,32,36,40,44,48,52,56,60,64,68,72,76,80,84,88,92,96,100,104,108,112,116,120,124,128,132,136,140,144,148,152,156,160,164,168,172,176,180,184,188,192,196,200
-200,-196,-192,-188,-184,-180,-176,-172,-168,-164,-160,-156,-152,-148,-144,-140,-136,-132,-128,-124,-120,-116,-112,-108,-104,-100,-96,-92,-88,-84,-80,-76,-72,-68,-64,-60,-56,-52,-48,-44,-40,-36,-32,-28,-24,-20,-16,-12,-8,-4,0,4,8,12,16,20,24,28,32,36,40,44,48,52,56,60,64,68,72,76,80,84,88,92,96,100,104,108,112,116,120,124,128,132,136,140,144,148,152,156,160,164,168,172,176,180,184,188,192,196,200
-200,-196,-192,-188,-184,-180,-176,-172,-168,-164,-160,-156,-152,-148,-144,-140,-136,-132,-128,-124,-120,-116,-112,-108,-104,-100,-96,-92,-88,-84,-80,-76,-72,-68,-64,-60,-56,-52,-48,-44,-40,-36,-32,-28,-24,-20,-16,-12,-8,-4,0,4,8,12,16,20,24,28,32,36,40,44,48,52,56,60,64,68,72,76,80,84,88,92,96,100,104,108,112,116,120,124,128,132,136,140,144,148,152,156,160,164,168,172,176,180,184,188,192,196,200
-200,-196,-192,-188,-184,-180,-176,-172,-168,-164,-160,-156,-152,-148,-144,-140,-136,-132,-128,-124,-120,-116,-112,-108,-104,-100,-96,-92,-88,-84,-80,-76,-72,-68,-64,-60,-56,-52,-48,-44,-40,-36,-32,-28,-24,-20,-16,-12,-8,-4,0,4,8,12,16,20,24,28,32,36,40,44,48,52,56,60,64,68,72,76,80,84,88,92,96,100,104,108,112,116,120,124,128,132,136,140,144,148,152,156,160,164,168,172,176,180,184,188,192,196,200
-200,-196,-192,-188,-184,-180,-176,-172,-168,-164,-160,-156,-152,-148,-144,-140,-136,-132,-128,-124,-120,-116,-112,-108,-104,-100,-96,-92,-88,-84,-80,-76,-72,-68,-64,-60,-56,-52,-48,-44,-40,-36,-32,-28,-24,-20,-16,-12,-8,-4,0,4,8,12,16,20,24,28,32,36,40,44,48,52,56,60,64,68,72,76,80,84,88,92,96,100,104,108,112,116,120,124,128,132,136,140,144,148,152,156,160,164,168,172,176,180,184,188,192,196,200
-200,-196,-192,-188,-184,-180,-176,-172,-168,-164,-160,-156,-152,-148,-144,-140,-136,-132,-128,-124,-120,-116,-112,-108,-104,-100,-96,-92,-88,-84,-80,-76,-72,-68,-64,-60,-56,-52,-48,-44,-40,-36,-32,-28,-24,-20,-16,-12,-8,-4,0,4,8,12,16,20,24,28,32,36,40,44,48,52,56,60,64,68,72,76,80,84,88,92,96,100,104,108,112,116,120,124,128,132,136,140,144,148,152,156,160,164,168,172,176,180,184,188,192,196,200
-200,-196,-192,-188,-184,-180,-176,-172,-168,-164,-160,-156,-152,-148,-144,-140,-136,-132,-128,-124,-120,-116,-112,-108,-104,-100,-96,-92,-88,-84,-80,-76,-72,-68,-64,-60,-56,-52,-48,-44,-40,-36,-32,-28,-24,-20,-16,-12,-8,-4,0,4,8,12,16,20,24,28,32,36,40,44,48,52,56,60,64,68,72,76,80,84,88,92,96,100,104,108,112,116,120,124,128,132,136,140,144,148,152,156,160,164,168,172,176,180,184,188,192,196,200
-200,-196,-192,-188,-184,-180,-176,-172,-168,-164,-160,-156,-152,-148,-144,-140,-136,-132,-128,-124,-120,-116,-112,-108,-104,-100,-96,-92,-88,-84,-80,-76,-72,-68,-64,-60,-56,-52,-48,-44,-40,-36,-32,-28,-24,-20,-16,-12,-8,-4,0,4,8,12,16,20,24,28,32,36,40,44,48,52,56,60,64,68,72,76,80,84,88,92,96,100,104,108,112,116,120,124,128,132,136,140,144,148,152,156,160,164,168,172,176,180,184,188,192,196,200
-200,-196,-192,-188,-184,-180,-176,-172,-168,-164,-160,-156,-152,-148,-144,-140,-136,-132,-128,-124,-120,-116,-112,-108,-104,-100,-96,-92,-88,-84,-80,-76,-72,-68,-64,-60,-56,-52,-48,-44,-40,-36,-32,-28,-24,-20,-16,-12,-8,-4,0,4,8,12,16,20,24,28,32,36,40,44,48,52,56,60,64,68,72,76,80,84,88,92,96,100,104,108,112,116,120,124,128,132,136,140,144,148,152,156,160,164,168,172,176,180,184,188,192,196,200
-200,-196,-192,-188,-184,-180,-176,-172,-168,-164,-160,-156,-152,-148,-144,-140,-136,-132,-128,-124,-120,-116,-112,-108,-104,-100,-96,-92,-88,-84,-80,-76,-72,-68,-64,-60,-56,-52,-48,-44,-40,-36,-32,-28,-24,-20,-16,-12,-8,-4,0,4,8,12,16,20,24,28,32,36,40,44,48,52,56,60,64,68,72,76,80,84,88,92,96,100,104,108,112,116,120,124,128,132,136,140,144,148,152,156,160,164,168,172,176,180,184,188,192,196,200
-200,-196,-192,-188,-184,-180,-176,-172,-168,-164,-160,-156,-152,-148,-144,-140,-136,-132,-128,-124,-120,-116,-112,-108,-104,-100,-96,-92,-88,-84,-80,-76,-72,-68,-64,-60,-56,-52,-48,-44,-40,-36,-32,-28,-24,-20,-16,-12,-8,-4,0,4,8,12,16,20,24,28,32,36,40,44,48,52,56,60,64,68,72,76,80,84,88,92,96,100,104,108,112,116,120,124,128,132,136,140,144,148,152,156,160,164,168,172,176,180,184,188,192,196,200
-200,-196,-192,-188,-184,-180,-176,-172,-168,-164,-160,-156,-152,-148,-144,-140,-136,-132,-128,-124,-120,-116,-112,-108,-104,-100,-96,-92,-88,-84,-80,-76,-72,-68,-64,-60,-56,-52,-48,-44,-40,-36,-32,-28,-24,-20,-16,-12,-8,-4,0,4,8,12,16,20,24,28,32,36,40,44,48,52,56,60,64,68,72,76,80,84,88,92,96,100,104,108,112,116,120,124,128,132,136,140,144,148,152,156,160,164,168,172,176,180,184,188,192,196,200
-200,-196,-192,-188,-184,-180,-176,-172,-168,-164,-160,-156,-152,-148,-144,-140,-136,-132,-128,-124,-120,-116,-112,-108,-104,-100,-96,-92,-88,-84,-80,-76,-72,-68,-64,-60,-56,-52,-48,-44,-40,-36,-32,-28,-24,-20,-16,-12,-8,-4,0,4,8,12,16,20,24,28,32,36,40,44,48,52,56,60,64,68,72,76,80,84,88,92,96,100,104,108,112,116,120,124,128,132,136,140,144,148,152,156,160,164,168,172,176,180,184,188,192,196,200
-200,-196,-192,-188,-184,-180,-176,-172,-168,-164,-160,-156,-152,-148,-144,-140,-136,-132,-128,-124,-120,-116,-112,-108,-104,-100,-96,-92,-88,-84,-80,-76,-72,-68,-64,-60,-56,-52,-48,-44,-40,-36,-32,-28,-24,-20,-16,-12,-8,-4,0,4,8,12,16,20,24,28,32,36,40,44,48,52,56,60,64,68,72,76,80,84,88,92,96,100,104,108,112,116,120,124,128,132,136,140,144,148,152,156,160,164,168,172,176,180,184,188,192,196,200
-200,-196,-192,-188,-184,-180,-176,-172,-168,-164,-160,-156,-152,-148,-144,-140,-136,-132,-128,-124,-120,-116,-112,-108,-104,-100,-96,-92,-88,-84,-80,-76,-72,-68,-64,-60,-56,-52,-48,-44,-40,-36,-32,-28,-24,-20,-16,-12,-8,-4,0,4,8,12,16,20,24,28,32,36,40,44,48,52,56,60,64,68,72,76,80,84,88,92,96,100,104,108,112,116,120,124,128,132,136,140,144,148,152,156,160,164,168,172,176,180,184,188,192,196,200
-200,-196,-192,-188,-184,-180,-176,-172,-168,-164,-160,-156,-152,-148,-144,-140,-136,-132,-128,-124,-120,-116,-112,-108,-104,-100,-96,-92,-88,-84,-80,-76,-72,-68,-64,-60,-56,-52,-48,-44,-40,-36,-32,-28,-24,-20,-16,-12,-8,-4,0,4,8,12,16,20,24,28,32,36,40,44,48,52,56,60,64,68,72,76,80,84,88,92,96,100,104,108,112,116,120,124,128,132,136,140,144,148,152,156,160,164,168,172,176,180,184,188,192,196,200
-200,-196,-192,-188,-184,-180,-176,-172,-168,-164,-160,-156,-152,-148,-144,-140,-136,-132,-128,-124,-120,-116,-112,-108,-104,-100,-96,-92,-88,-84,-80,-76,-72,-68,-64,-60,-56,-52,-48,-44,-40,-36,-32,-28,-24,-20,-16,-12,-8,-4,0,4,8,12,16,20,24,28,32,36,40,44,48,52,56,60,64,68,72,76,80,84,88,92,96,100,104,108,112,116,120,124,128,132,136,140,144,148,152,156,160,164,168,172,176,180,184,188,192,196,200
-200,-196,-192,-188,-184,-180,-176,-172,-168,-164,-160,-156,-152,-148,-144,-140,-136,-132,-128,-124,-120,-116,-112,-108,-104,-100,-96,-92,-88,-84,-80,-76,-72,-68,-64,-60,-56,-52,-48,-44,-40,-36,-32,-28,-24,-20,-16,-12,-8,-4,0,4,8,12,16,20,24,28,32,36,40,44,48,52,56,60,64,68,72,76,80,84,88,92,96,100,104,108,112,116,120,124,128,132,136,140,144,148,152,156,160,164,168,172,176,180,184,188,192,196,200
-200,-196,-192,-188,-184,-180,-176,-172,-168,-164,-160,-156,-152,-148,-144,-140,-136,-132,-128,-124,-120,-116,-112,-108,-104,-100,-96,-92,-88,-84,-80,-76,-72,-68,-64,-60,-56,-52,-48,-44,-40,-36,-32,-28,-24,-20,-16,-12,-8,-4,0,4,8,12,16,20,24,28,32,36,40,44,48,52,56,60,64,68,72,76,80,84,88,92,96,100,104,108,112,116,120,124,128,132,136,140,144,148,152,156,160,164,168,172,176,180,184,188,192,196,200
-200,-196,-192,-188,-184,-180,-176,-172,-168,-164,-160,-156,-152,-148,-144,-140,-136,-132,-128,-124,-120,-116,-112,-108,-104,-100,-96,-92,-88,-84,-80,-76,-72,-68,-64,-60,-56,-52,-48,-44,-40,-36,-32,-28,-24,-20,-16,-12,-8,-4,0,4,8,12,16,20,24,28,32,36,40,44,48,52,56,60,64,68,72,76,80,84,88,92,96,100,104,108,112,116,120,124,128,132,136,140,144,148,152,156,160,164,168,172,176,180,184,188,192,196,200
-200,-196,-192,-188,-184,-180,-176,-172,-168,-164,-160,-156,-152,-148,-144,-140,-136,-132,-128,-124,-120,-116,-112,-108,-104,-100,-96,-92,-88,-84,-80,-76,-72,-68,-64,-60,-56,-52,-48,-44,-40,-36,-32,-28,-24,-20,-16,-12,-8,-4,0,4,8,12,16,20,24,28,32,36,40,44,48,52,56,60,64,68,72,76,80,84,88,92,96,100,104,108,112,116,120,124,128,132,136,140,144,148,152,156,160,164,168,172,176,180,184,188,192,196,200
-200,-196,-192,-188,-184,-180,-176,-172,-168,-164,-160,-156,-152,-148,-144,-140,-136,-132,-128,-124,-120,-116,-112,-108,-104,-100,-96,-92,-88,-84,-80,-76,-72,-68,-64,-60,-56,-52,-48,-44,-40,-36,-32,-28,-24,-20,-16,-12,-8,-4,0,4,8,12,16,20,24,28,32,36,40,44,48,52,56,60,64,68,72,76,80,84,88,92,96,100,104,108,112,116,120,124,128,132,136,140,144,148,152,156,160,164,168,172,176,180,184,188,192,196,200
-200,-196,-192,-188,-184,-180,-176,-172,-168,-164,-160,-156,-152,-148,-144,-140,-136,-132,-128,-124,-120,-116,-112,-108,-104,-100,-96,-92,-88,-84,-80,-76,-72,-68,-64,-60,-56,-52,-48,-44,-40,-36,-32,-28,-24,-20,-16,-12,-8,-4,0,4,8,12,16,20,24,28,32,36,40,44,48,52,56,60,64,68,72,76,80,84,88,92,96,100,104,108,112,116,120,124,128,132,136,140,144,148,152,156,160,164,168,172,176,180,184,188,192,196,200
-200,-196,-192,-188,-184,-180,-176,-172,-168,-164,-160,-156,-152,-148,-144,-140,-136,-132,-128,-124,-120,-116,-112,-108,-104,-100,-96,-92,-88,-84,-80,-76,-72,-68,-64,-60,-56,-52,-48,-44,-40,-36,-32,-28,-24,-20,-16,-12,-8,-4,0,4,8,12,16,20,24,28,32,36,40,44,48,52,56,60,64,68,72,76,80,84,88,92,96,100,104,108,112,116,120,124,128,132,136,140,144,148,152,156,160,164,168,172,176,180,184,188,192,196,200
-200,-196,-192,-188,-184,-180,-176,-172,-168,-164,-160,-156,-152,-148,-144,-140,-136,-132,-128,-124,-120,-116,-112,-108,-104,-100,-96,-92,-88,-84,-80,-76,-72,-68,-64,-60,-56,-52,-48,-44,-40,-36,-32,-28,-24,-20,-16,-12,-8,-4,0,4,8,12,16,20,24,28,32,36,40,44,48,52,56,60,64,68,72,76,80,84,88,92,96,100,104,108,112,116,120,124,128,132,136,140,144,148,152,156,160,164,168,172,176,180,184,188,192,196,200
-200,-196,-192,-188,-184,-180,-176,-172,-168,-164,-160,-156,-152,-148,-144,-140,-136,-132,-128,-124,-120,-116,-112,-108,-104,-100,-96,-92,-88,-84,-80,-76,-72,-68,-64,-60,-56,-52,-48,-44,-40,-36,-32,-28,-24,-20,-16,-12,-8,-4,0,4,8,12,16,20,24,28,32,36,40,44,48,52,56,60,64,68,72,76,80,84,88,92,96,100,104,108,112,116,120,124,128,132,136,140,144,148,152,156,160,164,168,172,176,180,184,188,192,196,200
-200,-196,-192,-188,-184,-180,-176,-172,-168,-164,-160,-156,-152,-148,-144,-140,-136,-132,-128,-124,-120,-116,-112,-108,-104,-100,-96,-92,-88,-84,-80,-76,-72,-68,-64,-60,-56,-52,-48,-44,-40,-36,-32,-28,-24,-20,-16,-12,-8,-4,0,4,8,12,16,20,24,28,32,36,40,44,48,52,56,60,64,68,72,76,80,84,88,92,96,100,104,108,112,116,120,124,128,132,136,140,144,148,152,156,160,164,168,172,176,180,184,188,192,196,200
-200,-196,-192,-188,-184,-180,-176,-172,-168,-164,-160,-156,-152,-148,-144,-140,-136,-132,-128,-124,-120,-116,-112,-108,-104,-100,-96,-92,-88,-84,-80,-76,-72,-68,-64,-60,-56,-52,-48,-44,-40,-36,-32,-28,-24,-20,-16,-12,-8,-4,0,4,8,12,16,20,24,28,32,36,40,44,48,52,56,60,64,68,72,76,80,84,88,92,96,100,104,108,112,116,120,124,128,132,136,140,144,148,152,156,160,164,168,172,176,180,184,188,192,196,200
-200,-196,-192,-188,-184,-180,-176,-172,-168,-164,-160,-156,-152,-148,-144,-140,-136,-132,-128,-124,-120,-116,-112,-108,-104,-100,-96,-92,-88,-84,-80,-76,-72,-68,-64,-60,-56,-52,-48,-44,-40,-36,-32,-28,-24,-20,-16,-12,-8,-4,0,4,8,12,16,20,24,28,32,36,40,44,48,52,56,60,64,68,72,76,80,84,88,92,96,100,104,108,112,116,120,124,128,132,136,140,144,148,152,156,160,164,168,172,176,180,184,188,192,196,200
-200,-196,-192,-188,-184,-180,-176,-172,-168,-164,-160,-156,-152,-148,-144,-140,-136,-132,-128,-124,-120,-116,-112,-108,-104,-100,-96,-92,-88,-84,-80,-76,-72,-68,-64,-60,-56,-52,-48,-44,-40,-36,-32,-28,-24,-20,-16,-12,-8,-4,0,4,8,12,16,20,24,28,32,36,40,44,48,52,56,60,64,68,72,76,80,84,88,92,96,100,104,108,112,116,120,124,128,132,136,140,144,148,152,156,160,164,168,172,176,180,184,188,192,196,200
-200,-196,-192,-188,-184,-180,-176,-172,-168,-164,-160,-156,-152,-148,-144,-140,-136,-132,-128,-124,-120,-116,-112,-108,-104,-100,-96,-92,-88,-84,-80,-76,-72,-68,-64,-60,-56,-52,-48,-44,-40,-36,-32,-28,-24,-20,-16,-12,-8,-4,0,4,8,12,16,20,24,28,32,36,40,44,48,52,56,60,64,68,72,76,80,84,88,92,96,100,104,108,112,116,120,124,128,132,136,140,144,148,152,156,160,164,168,172,176,180,184,188,192,196,200
-200,-196,-192,-188,-184,-180,-176,-172,-168,-164,-160,-156,-152,-148,-144,-140,-136,-132,-128,-124,-120,-116,-112,-108,-104,-100,-96,-92,-88,-84,-80,-76,-72,-68,-64,-60,-56,-52,-48,-44,-40,-36,-32,-28,-24,-20,-16,-12,-8,-4,0,4,8,12,16,20,24,28,32,36,40,44,48,52,56,60,64,68,72,76,80,84,88,92,96,100,104,108,112,116,120,124,128,132,136,140,144,148,152,156,160,164,168,172,176,180,184,188,192,196,200
-200,-196,-192,-188,-184,-180,-176,-172,-168,-164,-160,-156,-152,-148,-144,-140,-136,-132,-128,-124,-120,-116,-112,-108,-104,-100,-96,-92,-88,-84,-80,-76,-72,-68,-64,-60,-56,-52,-48,-44,-40,-36,-32,-28,-24,-20,-16,-12,-8,-4,0,4,8,12,16,20,24,28,32,36,40,44,48,52,56,60,64,68,72,76,80,84,88,92,96,100,104,108,112,116,120,124,128,132,136,140,144,148,152,156,160,164,168,172,176,180,184,188,192,196,200
-200,-196,-192,-188,-184,-180,-176,-172,-168,-164,-160,-156,-152,-148,-144,-140,-136,-132,-128,-124,-120,-116,-112,-108,-104,-100,-96,-92,-88,-84,-80,-76,-72,-68,-64,-60,-56,-52,-48,-44,-40,-36,-32,-28,-24,-20,-16,-12,-8,-4,0,4,8,12,16,20,24,28,32,36,40,44,48,52,56,60,64,68,72,76,80,84,88,92,96,100,104,108,112,116,120,124,128,132,136,140,144,148,152,156,160,164,168,172,176,180,184,188,192,196,200
-200,-196,-192,-188,-184,-180,-176,-172,-168,-164,-160,-156,-152,-148,-144,-140,-136,-132,-128,-124,-120,-116,-112,-108,-104,-100,-96,-92,-88,-84,-80,-76,-72,-68,-64,-60,-56,-52,-48,-44,-40,-36,-32,-28,-24,-20,-16,-12,-8,-4,0,4,8,12,16,20,24,28,32,36,40,44,48,52,56,60,64,68,72,76,80,84,88,92,96,100,104,108,112,116,120,124,128,132,136,140,144,148,152,156,160,164,168,172,176,180,184,188,192,196,200
-200,-196,-192,-188,-184,-180,-176,-172,-168,-164,-160,-156,-152,-148,-144,-140,-136,-132,-128,-124,-120,-116,-112,-108,-104,-100,-96,-92,-88,-84,-80,-76,-72,-68,-64,-60,-56,-52,-48,-44,-40,-36,-32,-28,-24,-20,-16,-12,-8,-4,0,4,8,12,16,20,24,28,32,36,40,44,48,52,56,60,64,68,72,76,80,84,88,92,96,100,104,108,112,116,120,124,128,132,136,140,144,148,152,156,160,164,168,172,176,180,184,188,192,196,200
